SASBDB_ID,uniprot_id,uniprot_range_first,uniprot_range_last,sequence
SASDC36,P11274,,,GAMASELDLEKGLEMRKWVLSGILASEETYLSHLEALLLPMKPLKAAATTSQPVLTSQQIETIFFKVPELYEIHKEFYDGLFPRVQQWSHQQRVGDLFQKLASQLGVYRAFVDNYGVAMEMAEKCCQANAQFAEISENLRARSNKDAKDPTTKNSLETLLYKPVDRVTRSTLVLHDLLKHTPASHPDHPLLQDALRISQNFLSSINEEITPRRQSMTVK
SASDC46,P11274,,,GAMGEHRQLLKDSFMVELVEGARKLRHVFLFTDLLLCTKLKKQSGGKTQQYDCKWYIPLTDLSFQMVDELEAVPNIPLVPDEELDALKIKISQIKNDIQREKRANKGSKATERLKKKLSEQESLLLLMSPSMAFRVHSRNGKSYTFLISSDYERAEWRENIREQQKKCFRSFSLTSVELQMLTNSCVKLQTVH
SASDD43,P9WLP9,1.0,186.0,MDSDALDEGLVQRIDARGTIEWSETCYRYTGAHRDALSGEGARRFGGRWNPPLLFPAIYLADSAQACMVEVERAAQAASTTAEKMLEAAYRLHTIDVTDLAVLDLTTPQAREAVGLENDDIYGDDWSGCQAVGHAAWFLHMQGVLVPAAGGVGLVVTAYEQRTRPGQLQLRQSVDLTPALYQELRAT
SASDF83,Q06187,1.0,659.0,GAMGSMAAVILESIFLKRSQQKKKTSPLNFKKRLFLLTVHKLSYYEYDFERGRRGSKKGSIDVEKITCVETVVPEKNPPPERQIPRRGEESSEMEQISIIERFPYPFQVVYDEGPLYVFSPTEELRKRWIHQLKNVIRYNSDLVQKYHPCFWIDGQYLCCSQTAKNAMGCQILENRNGSLKPGSSHRKTKKPLPPTPEEDQILKKPLPPEPAAAPVSTSELKKVVALYDYMPMNANDLQLRKGDEYFILEESNLPWWRARDKNGQEGYIPSNYVTEAEDSIEMYEWYSKHMTRSQAEQLLKQEGKEGGFIVRDSSKAGKYTVSVFAKSTGDPQGVIRHYVVCSTPQSQYYLAEKHLFSTIPELINYHQHNSAGLISRLKYPVSQQNKNAPSTAGLGYGSWEIDPKDLTFLKELGTGQFGVVKYGKWRGQYDVAIKMIKEGSMSEDEFIEEAKVMMNLSHEKLVQLYGVCTKQRPIFIITEYMANGCLLNYLREMRHRFQTQQLLEMCKDVCEAMEYLESKQFLHRDLAARNCLVNDQGVVKVSDFGLSRYVLDDEYTSSVGSKFPVRWSPPEVLMYSKFSSKSDIWAFGVLMWEIYSLGKMPYERFTNSETAEHIAQGLRLYRPHLASEKVYTIMYSCWHEKADERPTFKILLSNILDVMDEES
SASDFC4,G0SHK2,24.0,1006.0,PDNALRTQVTTVFREAQRTTASHRKLVVTLRKIQEACCYEPATGQKQSGAAAALSEFDEDDFNTEFVRCALRILPVKKSEGVGEKTVRFVSLFLRHAIEKDNELLGDTQMDEDDADNSTMPETPSTRLTSHLMETILPMLMAKDKFVRYRAAQLLAHIVNSLDAIDDDLYQKLRAGLLRRIHDKEPMVRAQAVLGLGRLAGNALDEEPGAGDSDLDGDDDGPGGASGVSLMDKLMDVMKNDPSADVRRTLLVNLPITPKTLPSLLERARDQDPATRRAVYSRLLPALGDFRHLSLSMREKLLRWGLRDRDENVRKAAARLFRERWIEDCAGTPRPEPGQPIELSPPNMDALLELLERIDVVNSGGENGIALEAMRGFWEGRPDYRDAMVFDDHFFETLSAESVFALRTFNDFCRNEAGGKYEALIEEKLPEVTKLAFYLERYIKVLIDAIKRAEEQGEEEEEDTAEQEFIVEQLLHIALTLDYADEVGRRKMFALLRQTLSIPELPEECTKLTVMVLRDLCAPDAAGEKEFTSVVLEAVADVHDTIVDEDDDDANVPAEDDESFVSARSEVSRESTPAPGGGEGGGSNSRKRGRSPTPKMTEEEAAAKAIREIMINMKCLHIVQCMLQNVQGQLQSNDNLISMLNNLVVPAVRSHEAPVRERGLVCLGLCALLDRSLAEENLTLFIHFFAKGHTALQITALHILTDILVVHGAQLLSANPTLLKVYVKALRSGAKHPELQAVAVVAASKLLLGRVVSDRDVAAELLKTLVVAYFEPASAGNQSVRQALNYFLPVFCYSRAENQDLMRRVALDALHTLYNVREGFDDDDADIDDEMVSLATIGACLVDWTDPRKVYTPDAGGLQAEKHVNADVHLDFAKAILERLEGNVPREEKKVLASLLSKLYISPASSPDKTRETYRVVSAAVDTNLLPDTTSRNALYKIHVSLGKIVNALDGAVPSVETASVAGSTGTGIGTTTTAATGR
SASDFF5,Q9BVM2,,,GPHMAVTGWLESLRTAQKTALLQDGRRKVHYLFPDGKEMAEEYDEKTSELLVRKWRVKSALGAMGQWQLEVGDPAPLGAGNLGPELIKESNANPIFMRKDTKMSFQWRIRNLPYPKDVYSVSVDQKERCIIVRTTNKKYYKKFSIPDLDRHQLPLDDASLSFAHANCTLIISYQKPKEVVVAESELQKELKKVKTAHSNDGDCKTQ
SASDF99,P02769,25.0,607.0,DTHKSEIAHRFKDLGEEHFKGLVLIAFSQYLQQCPFDEHVKLVNELTEFAKTCVADESHAGCEKSLHTLFGDELCKVASLRETYGDMADCCEKQEPERNECFLSHKDDSPDLPKLKPDPNTLCDEFKADEKKFWGKYLYEIARRHPYFYAPELLYYANKYNGVFQECCQAEDKGACLLPKIETMREKVLASSARQRLRCASIQKFGERALKAWSVARLSQKFPKAEFVEVTKLVTDLTKVHKECCHGDLLECADDRADLAKYICDNQDTISSKLKECCDKPLLEKSHCIAEVEKDAIPENLPPLTADFAEDKDVCKNYQEAKDAFLGSFLYEYSRRHPEYAVSVLLRLAKEYEATLEECCAKDDPHACYSTVFDKLKHLVDEPQNLIKQNCDQFEKLGEYGFQNALIVRYTRKVPQVSTPTLVEVSRSLGKVGTRCCTKPESERMPCTEDYLSLILNRLCVLHEKTPVSEKVTKCCTESLVNRRPCFSALTPDETYVPKAFDEKLFTFHADICTLPDTEKQIKKQTALVELLKHKPKATEEQLKTVMENFVAFVDKCCAADDKEACFAVEGPKLVVSTQTALA
SASDLH4,,,,EVQLQQSGPDLVKPGASVKISCKTSGYTFTEYIMHWVKQSHGKSLEWIGGIIPNNGGTSYNQKFKDKATMTVDKSSSTGYMELRSLTSEDSAVYYCTRREVYGRNYYALDYWGQGTLVTVSSASTKGPSVFPLAPCSRSTSESTAALGCLVKDYFPEPVTVSWNSGALTSGVHTFPAVLQSSGLYSLSSVVTVPSSNFGTQTYTCNVDHKPSNTKVDKTVERKCSVECPPCPAPPVAGPSVEVQLQQSGPDLVKPGASVKISCKTSGYTFTEYIMHWVKQSHGKSLEWIGGIIPNNGGTSYNQKFKDKATMTVDKSSSTGYMELRSLTSEDSAVYYCTRREVYGRNYYALDYWGQGTLVTVSSASTKGPSVFPLAPCSRSTSESTAALGCLVKDYFPEPVTVSWNSGALTSGVHTFPAVLQSSGLYSLSSVVTVPSSNFGTQTYTCNVDHKPSNTKVDKTVERKCSVECPPCPAPPVAGPSVDIQMTQTTSSLSASLGDRVTITCSASQGINNYLNWYQQKPDGTVKLLIYYTSSLHSGVPSRFSGSGSGTDYSLTISNLEPEDIATYYCQQYSNLPYTFGGGTKLEIKRTVAAPSVFIFPPSDEQLKSGTASVVCLLNNFYPREAKVQWKVDNALQSGNSQESVTEQDSKDSTYSLSSTLTLSKADYEKHKVYACEVTHQGLSSPVTKSFNRGECDIQMTQTTSSLSASLGDRVTITCSASQGINNYLNWYQQKPDGTVKLLIYYTSSLHSGVPSRFSGSGSGTDYSLTISNLEPEDIATYYCQQYSNLPYTFGGGTKLEIKRTVAAPSVFIFPPSDEQLKSGTASVVCLLNNFYPREAKVQWKVDNALQSGNSQESVTEQDSKDSTYSLSSTLTLSKADYEKHKVYACEVTHQGLSSPVTKSFNRGEC
SASDLF4,,,,EVQLQQSGPDLVKPGASVKISCKTSGYTFTEYIMHWVKQSHGKSLEWIGGIIPNNGGTSYNQKFKDKATMTVDKSSSTGYMELRSLTSEDSAVYYCTRREVYGRNYYALDYWGQGTLVTVSSASTKGPSVFPLAPCSRSTSESTAALGCLVKDYFPEPVTVSWNSGALTSGVHTFPAVLQSSGLYSLSSVVTVPSSNFGTQTYTCNVDHKPSNTKVDKTVERKSCVECPPCPAPPVAGPSVEVQLQQSGPDLVKPGASVKISCKTSGYTFTEYIMHWVKQSHGKSLEWIGGIIPNNGGTSYNQKFKDKATMTVDKSSSTGYMELRSLTSEDSAVYYCTRREVYGRNYYALDYWGQGTLVTVSSASTKGPSVFPLAPCSRSTSESTAALGCLVKDYFPEPVTVSWNSGALTSGVHTFPAVLQSSGLYSLSSVVTVPSSNFGTQTYTCNVDHKPSNTKVDKTVERKSCVECPPCPAPPVAGPSVDIQMTQTTSSLSASLGDRVTITCSASQGINNYLNWYQQKPDGTVKLLIYYTSSLHSGVPSRFSGSGSGTDYSLTISNLEPEDIATYYCQQYSNLPYTFGGGTKLEIKRTVAAPSVFIFPPSDEQLKSGTASVVCLLNNFYPREAKVQWKVDNALQSGNSQESVTEQDSKDSTYSLSSTLTLSKADYEKHKVYACEVTHQGLSSPVTKSFNRGECDIQMTQTTSSLSASLGDRVTITCSASQGINNYLNWYQQKPDGTVKLLIYYTSSLHSGVPSRFSGSGSGTDYSLTISNLEPEDIATYYCQQYSNLPYTFGGGTKLEIKRTVAAPSVFIFPPSDEQLKSGTASVVCLLNNFYPREAKVQWKVDNALQSGNSQESVTEQDSKDSTYSLSSTLTLSKADYEKHKVYACEVTHQGLSSPVTKSFNRGEC
SASDLL4,,,,EVQLQQSGPDLVKPGASVKISCKTSGYTFTEYIMHWVKQSHGKSLEWIGGIIPNNGGTSYNQKFKDKATMTVDKSSSTGYMELRSLTSEDSAVYYCTRREVYGRNYYALDYWGQGTLVTVSSASTKGPSVFPLAPCSRSTSESTAALGCLVKDYFPEPVTVSWNSGALTSGVHTFPAVLQSSGLYSLSSVVTVPSSNFGTQTYTCNVDHKPSNTKVDKTVERKCSVECPPCPAPPVAGPSVEVQLQQSGPDLVKPGASVKISCKTSGYTFTEYIMHWVKQSHGKSLEWIGGIIPNNGGTSYNQKFKDKATMTVDKSSSTGYMELRSLTSEDSAVYYCTRREVYGRNYYALDYWGQGTLVTVSSASTKGPSVFPLAPCSRSTSESTAALGCLVKDYFPEPVTVSWNSGALTSGVHTFPAVLQSSGLYSLSSVVTVPSSNFGTQTYTCNVDHKPSNTKVDKTVERKCSVECPPCPAPPVAGPSVDIQMTQTTSSLSASLGDRVTITCSASQGINNYLNWYQQKPDGTVKLLIYYTSSLHSGVPSRFSGSGSGTDYSLTISNLEPEDIATYYCQQYSNLPYTFGGGTKLEIKRTVAAPSVFIFPPSDEQLKSGTASVVCLLNNFYPREAKVQWKVDNALQSGNSQESVTEQDSKDSTYSLSSTLTLSKADYEKHKVYACEVTHQGLSSPVTKSFNRGESDIQMTQTTSSLSASLGDRVTITCSASQGINNYLNWYQQKPDGTVKLLIYYTSSLHSGVPSRFSGSGSGTDYSLTISNLEPEDIATYYCQQYSNLPYTFGGGTKLEIKRTVAAPSVFIFPPSDEQLKSGTASVVCLLNNFYPREAKVQWKVDNALQSGNSQESVTEQDSKDSTYSLSSTLTLSKADYEKHKVYACEVTHQGLSSPVTKSFNRGES
SASDLJ4,,,,EVQLQQSGPDLVKPGASVKISCKTSGYTFTEYIMHWVKQSHGKSLEWIGGIIPNNGGTSYNQKFKDKATMTVDKSSSTGYMELRSLTSEDSAVYYCTRREVYGRNYYALDYWGQGTLVTVSSASTKGPSVFPLAPCSRSTSESTAALGCLVKDYFPEPVTVSWNSGALTSGVHTFPAVLQSSGLYSLSSVVTVPSSNFGTQTYTCNVDHKPSNTKVDKTVERKCCVESPPCPAPPVAGPSVEVQLQQSGPDLVKPGASVKISCKTSGYTFTEYIMHWVKQSHGKSLEWIGGIIPNNGGTSYNQKFKDKATMTVDKSSSTGYMELRSLTSEDSAVYYCTRREVYGRNYYALDYWGQGTLVTVSSASTKGPSVFPLAPCSRSTSESTAALGCLVKDYFPEPVTVSWNSGALTSGVHTFPAVLQSSGLYSLSSVVTVPSSNFGTQTYTCNVDHKPSNTKVDKTVERKCCVESPPCPAPPVAGPSVDIQMTQTTSSLSASLGDRVTITCSASQGINNYLNWYQQKPDGTVKLLIYYTSSLHSGVPSRFSGSGSGTDYSLTISNLEPEDIATYYCQQYSNLPYTFGGGTKLEIKRTVAAPSVFIFPPSDEQLKSGTASVVCLLNNFYPREAKVQWKVDNALQSGNSQESVTEQDSKDSTYSLSSTLTLSKADYEKHKVYACEVTHQGLSSPVTKSFNRGECDIQMTQTTSSLSASLGDRVTITCSASQGINNYLNWYQQKPDGTVKLLIYYTSSLHSGVPSRFSGSGSGTDYSLTISNLEPEDIATYYCQQYSNLPYTFGGGTKLEIKRTVAAPSVFIFPPSDEQLKSGTASVVCLLNNFYPREAKVQWKVDNALQSGNSQESVTEQDSKDSTYSLSSTLTLSKADYEKHKVYACEVTHQGLSSPVTKSFNRGEC
SASDLK4,,,,EVQLQQSGPDLVKPGASVKISCKTSGYTFTEYIMHWVKQSHGKSLEWIGGIIPNNGGTSYNQKFKDKATMTVDKSSSTGYMELRSLTSEDSAVYYCTRREVYGRNYYALDYWGQGTLVTVSSASTKGPSVFPLAPCSRSTSESTAALGCLVKDYFPEPVTVSWNSGALTSGVHTFPAVLQSSGLYSLSSVVTVPSSNFGTQTYTCNVDHKPSNTKVDKTVERKSCVECPPCPAPPVAGPSVEVQLQQSGPDLVKPGASVKISCKTSGYTFTEYIMHWVKQSHGKSLEWIGGIIPNNGGTSYNQKFKDKATMTVDKSSSTGYMELRSLTSEDSAVYYCTRREVYGRNYYALDYWGQGTLVTVSSASTKGPSVFPLAPCSRSTSESTAALGCLVKDYFPEPVTVSWNSGALTSGVHTFPAVLQSSGLYSLSSVVTVPSSNFGTQTYTCNVDHKPSNTKVDKTVERKSCVECPPCPAPPVAGPSVDIQMTQTTSSLSASLGDRVTITCSASQGINNYLNWYQQKPDGTVKLLIYYTSSLHSGVPSRFSGSGSGTDYSLTISNLEPEDIATYYCQQYSNLPYTFGGGTKLEIKRTVAAPSVFIFPPSDEQLKSGTASVVCLLNNFYPREAKVQWKVDNALQSGNSQESVTEQDSKDSTYSLSSTLTLSKADYEKHKVYACEVTHQGLSSPVTKSFNRGESDIQMTQTTSSLSASLGDRVTITCSASQGINNYLNWYQQKPDGTVKLLIYYTSSLHSGVPSRFSGSGSGTDYSLTISNLEPEDIATYYCQQYSNLPYTFGGGTKLEIKRTVAAPSVFIFPPSDEQLKSGTASVVCLLNNFYPREAKVQWKVDNALQSGNSQESVTEQDSKDSTYSLSSTLTLSKADYEKHKVYACEVTHQGLSSPVTKSFNRGES
SASDLG4,,,,EVQLQQSGPDLVKPGASVKISCKTSGYTFTEYIMHWVKQSHGKSLEWIGGIIPNNGGTSYNQKFKDKATMTVDKSSSTGYMELRSLTSEDSAVYYCTRREVYGRNYYALDYWGQGTLVTVSSASTKGPSVFPLAPCSRSTSESTAALGCLVKDYFPEPVTVSWNSGALTSGVHTFPAVLQSSGLYSLSSVVTVPSSNFGTQTYTCNVDHKPSNTKVDKTVERKSSVECPPCPAPPVAGPSVEVQLQQSGPDLVKPGASVKISCKTSGYTFTEYIMHWVKQSHGKSLEWIGGIIPNNGGTSYNQKFKDKATMTVDKSSSTGYMELRSLTSEDSAVYYCTRREVYGRNYYALDYWGQGTLVTVSSASTKGPSVFPLAPCSRSTSESTAALGCLVKDYFPEPVTVSWNSGALTSGVHTFPAVLQSSGLYSLSSVVTVPSSNFGTQTYTCNVDHKPSNTKVDKTVERKSSVECPPCPAPPVAGPSVDIQMTQTTSSLSASLGDRVTITCSASQGINNYLNWYQQKPDGTVKLLIYYTSSLHSGVPSRFSGSGSGTDYSLTISNLEPEDIATYYCQQYSNLPYTFGGGTKLEIKRTVAAPSVFIFPPSDEQLKSGTASVVCLLNNFYPREAKVQWKVDNALQSGNSQESVTEQDSKDSTYSLSSTLTLSKADYEKHKVYACEVTHQGLSSPVTKSFNRGECDIQMTQTTSSLSASLGDRVTITCSASQGINNYLNWYQQKPDGTVKLLIYYTSSLHSGVPSRFSGSGSGTDYSLTISNLEPEDIATYYCQQYSNLPYTFGGGTKLEIKRTVAAPSVFIFPPSDEQLKSGTASVVCLLNNFYPREAKVQWKVDNALQSGNSQESVTEQDSKDSTYSLSSTLTLSKADYEKHKVYACEVTHQGLSSPVTKSFNRGEC
SASDHK9,F2L613,1.0,401.0,GSGGMIERYVEFVGEHEIDAIFKYAEKLKDLSILHVNSTAAGGGVAEILHRLVPLMRELGLNAEWKVIRGSQDFFTVTKSFHNALQTGKGEIPDEYFKIYDEWQEINAGEIPLDYDVVFIHDPQPAGLVKYRKKGTWIWRCHIDISNPHPKVWGFLRGYISKYDGMIVSIPEFARDDLDIPQIAIPPSIDPLSPKNMPLPQTTVDRIVDKFGVDRERPIILQVSRYDRAKDPVGVIESFRLAKRHVPDAQLVYLGSPATDDPEGEVVYRETVEAARGEKDVHLLMLPPNSHVEVNAFQRAATVVMQKSIKEGFGLTVSEALWKRKPVIGGNTGGIRIQVINGVTGFLVDSPKAAAYYLVYLLKNKKVREEMGEAGRDHVRRNFLITQQLRRYLMAILYLTKRHASGHHHHHH
SASDHG9,F2L613,1.0,401.0,GSGGMIERYVEFVGEHEIDAIFKYAEKLKDLSILHVNSTAAGGGVAEILHRLVPLMRELGLNAEWKVIRGSQDFFTVTKSFHNALQTGKGEIPDEYFKIYDEWQEINAGEIPLDYDVVFIHDPQPAGLVKYRKKGTWIWRCHIDISNPHPKVWGFLRGYISKYDGMIVSIPEFARDDLDIPQIAIPPSIDPLSPKNMPLPQTTVDRIVDKFGVDRERPIILQVSRYDRAKDPVGVIESFRLAKRHVPDAQLVYLGSPATDDPEGEVVYRETVEAARGEKDVHLLMLPPNSHVEVNAFQRAATVVMQKSIKEGFGLTVSEALWKRKPVIGGNTGGIRIQVINGVTGFLVDSPKAAAYYLVYLLKNKKVREEMGEAGRDHVRRNFLITQQLRRYLMAILYLTKRHASGHHHHHH
SASDHH9,F2L613,1.0,401.0,GSGGMIERYVEFVGEHEIDAIFKYAEKLKDLSILHVNSTAAGGGVAEILHRLVPLMRELGLNAEWKVIRGSQDFFTVTKSFHNALQTGKGEIPDEYFKIYDEWQEINAGEIPLDYDVVFIHDPQPAGLVKYRKKGTWIWRCHIDISNPHPKVWGFLRGYISKYDGMIVSIPEFARDDLDIPQIAIPPSIDPLSPKNMPLPQTTVDRIVDKFGVDRERPIILQVSRYDRAKDPVGVIESFRLAKRHVPDAQLVYLGSPATDDPEGEVVYRETVEAARGEKDVHLLMLPPNSHVEVNAFQRAATVVMQKSIKEGFGLTVSEALWKRKPVIGGNTGGIRIQVINGVTGFLVDSPKAAAYYLVYLLKNKKVREEMGEAGRDHVRRNFLITQQLRRYLMAILYLTKRHASGHHHHHH
SASDHJ9,F2L613,1.0,401.0,GSGGMIERYVEFVGEHEIDAIFKYAEKLKDLSILHVNSTAAGGGVAEILHRLVPLMRELGLNAEWKVIRGSQDFFTVTKSFHNALQTGKGEIPDEYFKIYDEWQEINAGEIPLDYDVVFIHDPQPAGLVKYRKKGTWIWRCHIDISNPHPKVWGFLRGYISKYDGMIVSIPEFARDDLDIPQIAIPPSIDPLSPKNMPLPQTTVDRIVDKFGVDRERPIILQVSRYDRAKDPVGVIESFRLAKRHVPDAQLVYLGSPATDDPEGEVVYRETVEAARGEKDVHLLMLPPNSHVEVNAFQRAATVVMQKSIKEGFGLTVSEALWKRKPVIGGNTGGIRIQVINGVTGFLVDSPKAAAYYLVYLLKNKKVREEMGEAGRDHVRRNFLITQQLRRYLMAILYLTKRHASGHHHHHH
SASDJ22,G0SB82,3.0,1222.0,TVNWDINEALKNYMSDPSTIQTPEADSALVDCENDPESLLDNGLINSVLNPIVDAVAESPDAITRSHIFDSLQFLLKCAPIFPHPSLSFPYGAEDGPLLAADCPTHSSATKDKDIHSRLRDSDSELVKKSRYTSYLSTHALSKLFDLITSGLGAEADVVHHDLESDEQELIPAHKQLLEMYGFLLQWTLTAAEAKAAEKSSTTVPARGRGKPKSKTGPGQDGTWDSVRQLETALSTMCKVLRLKLGKIFITTSERDTFIGLLTRPVYMILESEQRVKNTSIRMHAFKVLCMAVKHHGHGYAAQVSIVQNLTYFEHLSEPMAEFLHILAEQYDYPQLADEVLRELSNKEFNSNDTKGPKSVSAFMIRLSELAPRLVIKQVTLLAKQLDSESYTLRCALIEVFGNMLAYLSKSEERGENHKSQMNAFFDVLEERFLDINPYCRCRTIQVYIKLCELDQKFPKRRQRAAELACRSLMDKSSHVRRNAIKLLATLIRTHPFTALHGAQLARKDWQERLERVEAELNVLKPPPEAAGLEGDKANTSADQGLLDDATQVDSPKKRLEDMTEEEKIEAVRKAQEQAATSEAIEKLTLTKRYYTEALKFIDVLHEATPVICQLLGSKNKSEVIEAMDYFEIGDAYNIEQNKIGIRKMLRLIWTKGSSDEGKGVQTHLIECYKRLFFEAPDSFSPNDAANYIARNMISLTFGATPAELTSLEQLLHLMMKQGMIPDLVIAKLWQVYGVQRREISKKQRRGAIIVLGMLATASPEIVVGEMETMLRIGLGAHGRADLQLAKYTCIALRRINPTSRQTEKGSTTTFSRLPNDHAVLVKLAAITEVPTDNKEWYGVAEQAINAIYALSKHPDVLCSEIIRRKTRAVFARSTQQEPSRPSSRDEMQIEPSQAPTLDGADSTVPASQASPTKRQNSKESVIGLSQLLFIVGHVAIKQIVHLELCELDFKRRKQEKDKEKAKDRHSLGASTSSRRGGGQNKSKQQQQQEQEDNELDMIGGTTEDDFTEAMAHIRERELLFGPQSLLAQFGPMVSEICANNTVYKDRNLQQAATLCLAKLMCVSSEYCEANLPLLITIMERSPDPTVRSNAVIALGDMAVCFNHLIDENTDFLYRRLADPQPMVKRTCLMTLTFLILAGQVKVKGQLGEMAKCLEDEDKRIADLARMFFTELSTKDNAVYNHFVDMFSLLSADERIDEEAFRRIVRFLLGFVEKDK
SASDJC3,Q8NBR6,241.0,504.0,GPLGSPEFSVYHIKWIQWKEENTPIITQNENGPAPLLAILNVLLLAWKVKLPPMMEIITAEQLMEYLGDYMLDAKPKEISEIQRLNYEQNMSDAMAILHKLQTGLDVNVRFTGVRVFEYTPECIVFDLLDIPLYHGWLVDPQIDDIVKAVGNCSYNQLVEKIISCKQSDNSELVSEGFVAEQFLNNTATQLTYHGLCELTSTVQEGELCVFFRNNHFSTMTKYKGQLYLLVTDQGFLTEEKVVWESLHNVDGDGNFCDSEFHLRPPSDPETV
SASDJD3,Q8NBR6,241.0,504.0,GPLGSPEFSVYHIKWIQWKEENTPIITQNENGPAPLLAILNVLLLAWKVKLPPMMEIITAEQLMEYLGDYMLDAKPKEISEIQRLNYEQNMSDAMAILHKLQTGLDVNVRFTGVRVFEYTPECIVFDLLDIPLYHGWLVDPQIDDIVKAVGNCSYNQLVEKIISCKQSDNSELVSEGFVAEQFLNNTATQLTYHGLCELTSTVQEGELCVFFRNNHFSTMTKYKGQLYLLVTDQGFLTEEKVVWESLHNVDGDGNFCDSEFHLRPPSDPETV
SASDJE3,Q8NBR6,241.0,504.0,GPLGSPEFSVYHIKWIQWKEENTPIITQNENGPAPLLAILNVLLLAWKVKLPPMMEIITAEQLMEYLGDYMLDAKPKEISEIQRLNYEQNMSDAMAILHKLQTGLDVNVRFTGVRVFEYTPECIVFDLLDIPLYHGWLVDPQIDDIVKAVGNCSYNQLVEKIISCKQSDNSELVSEGFVAEQFLNNTATQLTYHGLCELTSTVQEGELCVFFRNNHFSTMTKYKGQLYLLVTDQGFLTEEKVVWESLHNVDGDGNFCDSEFHLRPPSDPETV
SASDJB3,Q8NBR6,241.0,504.0,GPLGSPEFSVYHIKWIQWKEENTPIITQNENGPAPLLAILNVLLLAWKVKLPPMMEIITAEQLMEYLGDYMLDAKPKEISEIQRLNYEQNMSDAMAILHKLQTGLDVNVRFTGVRVFEYTPECIVFDLLDIPLYHGWLVDPQIDDIVKAVGNCSYNQLVEKIISCKQSDNSELVSEGFVAEQFLNNTATQLTYHGLCELTSTVQEGELCVFFRNNHFSTMTKYKGQLYLLVTDQGFLTEEKVVWESLHNVDGDGNFCDSEFHLRPPSDPETV
SASDJA6,P01031,19.0,1676.0,QEQTYVISAPKIFRVGASENIVIQVYGYTEAFDATISIKSYPDKKFSYSSGHVHLSSENKFQNSAILTIQPKQLPGGQNPVSYVYLEVVSKHFSKSKRMPITYDNGFLFIHTDKPVYTPDQSVKVRVYSLNDDLKPAKRETVLTFIDPEGSEVDMVEEIDHIGIISFPDFKIPSNPRYGMWTIKAKYKEDFSTTGTAYFEVKEYVLPHFSVSIEPEYNFIGYKNFKNFEITIKARYFYNKVVTEADVYITFGIREDLKDDQKEMMQTAMQNTMLINGIAQVTFDSETAVKELSYYSLEDLNNKYLYIAVTVIESTGGFSEEAEIPGIKYVLSPYKLNLVATPLFLKPGIPYPIKVQVKDSLDQLVGGVPVTLNAQTIDVNQETSDLDPSKSVTRVDDGVASFVLNLPSGVTVLEFNVKTDAPDLPEENQAREGYRAIAYSSLSQSYLYIDWTDNHKALLVGEHLNIIVTPKSPYIDKITHYNYLILSKGKIIHFGTREKFSDASYQSINIPVTQNMVPSSRLLVYYIVTGEQTAELVSDSVWLNIEEKCGNQLQVHLSPDADAYSPGQTVSLNMATGMDSWVALAAVDSAVYGVQRGAKKPLERVFQFLEKSDLGCGAGGGLNNANVFHLAGLTFLTNANADDSQENDEPCKEILRPRRTLQKKIEEIAAKYKHSVVKKCCYDGACVNNDETCEQRAARISLGPRCIKAFTECCVVASQLRANISHKDMQLGRLHMKTLLPVSKPEIRSYFPESWLWEVHLVPRRKQLQFALPDSLTTWEIQGVGISNTGICVADTVKAKVFKDVFLEMNIPYSVVRGEQIQLKGTVYNYRTSGMQFCVKMSAVEGICTSESPVIDHQGTKSSKCVRQKVEGSSSHLVTFTVLPLEIGLHNINFSLETWFGKEILVKTLRVVPEGVKRESYSGVTLDPRGIYGTISRRKEFPYRIPLDLVPKTEIKRILSVKGLLVGEILSAVLSQEGINILTHLPKGSAEAELMSVVPVFYVFHYLETGNHWNIFHSDPLIEKQKLKKKLKEGMLSIMSYRNADYSYSVWKGGSASTWLTAFALRVLGQVNKYVEQNQNSICNSLLWLVENYQLDNGSFKENSQYQPIKLQGTLPVEARENSLYLTAFTVIGIRKAFDICPLVKIDTALIKADNFLLENTLPAQSTFTLAISAYALSLGDKTHPQFRSIVSALKREALVKGNPPIYRFWKDNLQHKDSSVPNTGTARMVETTAYALLTSLNLKDINYVNPVIKWLSEEQRYGGGFYSTQDTINAIEGLTEYSLLVKQLRLSMDIDVSYKHKGALHNYKMTDKNFLGRPVEVLLNDDLIVSTGFGSGLATVHVTTVVHKTSTSEEVCSFYLKIDTQDIEASHYRGYGNSDYKRIVACASYKPSREESSSGSSHAVMDISLPTGISANEEDLKALVEGVDQLFTDYQIKDGHVILQLNSIPSSDFLCVRFRIFELFEVGFLSPATFTVYEYHRPDKQCTMFYSTSNIKIQKVCEGAACKCVEADCGQMQEELDLTISAETRKQTACKPEIAYAYKVSITSITVENVFVKYKATLLDIYKTGEAVAEKDSEITFIKKVTCTNAELVKGRQYLIMGKEALQIKYNFSFRYIYPLDSLTWIEYWPRDTTCSSCQAFLANLDEFAEDIFLNGC
SASDJ95,Q07457,1.0,212.0,MTAEPATKKIKLELSDPSEPLTQSDVIAFQKEALFRCINRRRVDFEALRKQYELSRRECIDVSRKLANIMALIVTLARFIETFCTDANEKQLCREIAQGDETLIVQRSDSFMKLLTKYGKPNTTDSNTNSNASDHIQELTTELKNLRKSKEELFYENSQLTEEISALKEYYTNIIRKYDRDESFTIKRVFKEDKTDAVKELREDEKESNENN
SASDJA5,P06104,1.0,172.0,MSTPARRRLMRDFKRMKEDAPPGVSASPLPDNVMVWNAMIIGPADTPYEDGTFRLLLEFDEEYPNKPPHVKFLSEMFHPNVYANGEICLDILQNRWTPTYDVASILTSIQSLFNDPNPASPANVEAATLFKDHKSQYVKRVKETVEKSWEDDMDDMDDDDDDDDDDDDDEAD
SASDJF5,O94901,616.0,812.0,GSGGSGGITEAQARAIVNSALKLYSQDKTGMVDFALESGGGSILSTRCSETYETKTALMSLFGEPLWYFSQSPRVVIQPDIYPGNCWAFKGSQGYLVVRLSMMIHPAAFTLEHIPKTLSPTGNISSAPKDFAVYGLENEYQEEGQLLGQFTYDQDGESLQMFQALKRPDDTAFQIVELRIFSNWGHPEYTCLYRFRVHGEPVK
SASDJH5,,,,SGFRKMAFTSGKVEGCMVQVTCGTTTLNGLWLDDVVYCPRHVICTSEDMLNPNYEDLLIRKSNHNFLVQAGNVQLRVIGHSMQNCVLKLKVDTANPKTPKYKFVRIQPGQTFSVLACYNGSPSGVYQCAMRPNFTIKGSFLNGSCGSVGFNIDYDCVSFCYMHHMELPTGVHAGTDLEGNFYGPFVDRQTAQAAGTDTTITVNVLAWLYAAVINGDRWFLNRFTTTLNDFNLVAMKYNYEPLTQDHVDILGPLSAQTGIAVLDMCASLKELLQNGMNGRTILGSALLEDEFTPFDVVRQCSGVTFQ
SASDLY3,P02768,,,MKWVTFISLLFLFSSAYSRGVFRRDAHKSEVAHRFKDLGEENFKALVLIAFAQYLQQCPFEDHVKLVNEVTEFAKTCVADESAENCDKSLHTLFGDKLCTVATLRETYGEMADCCAKQEPERNECFLQHKDDNPNLPRLVRPEVDVMCTAFHDNEETFLKKYLYEIARRHPYFYAPELLFFAKRYKAAFTECCQAADKAACLLPKLDELRDEGKASSAKQRLKCASLQKFGERAFKAWAVARLSQRFPKAEFAEVSKLVTDLTKVHTECCHGDLLECADDRADLAKYICENQDSISSKLKECCEKPLLEKSHCIAEVENDEMPADLPSLAADFVESKDVCKNYAEAKDVFLGMFLYEYARRHPDYSVVLLLRLAKTYETTLEKCCAAADPHECYAKVFDEFKPLVEEPQNLIKQNCELFEQLGEYKFQNALLVRYTKKVPQVSTPTLVEVSRNLGKVGSKCCKHPEAKRMPCAEDYLSVVLNQLCVLHEKTPVSDRVTKCCTESLVNRRPCFSALEVDETYVPKEFNAETFTFHADICTLSEKERQIKKQTALVELVKHKPKATKEQLKAVMDDFAAFVEKCCKADDKETCFAEEGKKLVAASQAALGL
SASDLU3,P02768,,,MKWVTFISLLFLFSSAYSRGVFRRDAHKSEVAHRFKDLGEENFKALVLIAFAQYLQQCPFEDHVKLVNEVTEFAKTCVADESAENCDKSLHTLFGDKLCTVATLRETYGEMADCCAKQEPERNECFLQHKDDNPNLPRLVRPEVDVMCTAFHDNEETFLKKYLYEIARRHPYFYAPELLFFAKRYKAAFTECCQAADKAACLLPKLDELRDEGKASSAKQRLKCASLQKFGERAFKAWAVARLSQRFPKAEFAEVSKLVTDLTKVHTECCHGDLLECADDRADLAKYICENQDSISSKLKECCEKPLLEKSHCIAEVENDEMPADLPSLAADFVESKDVCKNYAEAKDVFLGMFLYEYARRHPDYSVVLLLRLAKTYETTLEKCCAAADPHECYAKVFDEFKPLVEEPQNLIKQNCELFEQLGEYKFQNALLVRYTKKVPQVSTPTLVEVSRNLGKVGSKCCKHPEAKRMPCAEDYLSVVLNQLCVLHEKTPVSDRVTKCCTESLVNRRPCFSALEVDETYVPKEFNAETFTFHADICTLSEKERQIKKQTALVELVKHKPKATKEQLKAVMDDFAAFVEKCCKADDKETCFAEEGKKLVAASQAALGL
SASDL54,P02768,,,MKWVTFISLLFLFSSAYSRGVFRRDAHKSEVAHRFKDLGEENFKALVLIAFAQYLQQCPFEDHVKLVNEVTEFAKTCVADESAENCDKSLHTLFGDKLCTVATLRETYGEMADCCAKQEPERNECFLQHKDDNPNLPRLVRPEVDVMCTAFHDNEETFLKKYLYEIARRHPYFYAPELLFFAKRYKAAFTECCQAADKAACLLPKLDELRDEGKASSAKQRLKCASLQKFGERAFKAWAVARLSQRFPKAEFAEVSKLVTDLTKVHTECCHGDLLECADDRADLAKYICENQDSISSKLKECCEKPLLEKSHCIAEVENDEMPADLPSLAADFVESKDVCKNYAEAKDVFLGMFLYEYARRHPDYSVVLLLRLAKTYETTLEKCCAAADPHECYAKVFDEFKPLVEEPQNLIKQNCELFEQLGEYKFQNALLVRYTKKVPQVSTPTLVEVSRNLGKVGSKCCKHPEAKRMPCAEDYLSVVLNQLCVLHEKTPVSDRVTKCCTESLVNRRPCFSALEVDETYVPKEFNAETFTFHADICTLSEKERQIKKQTALVELVKHKPKATKEQLKAVMDDFAAFVEKCCKADDKETCFAEEGKKLVAASQAALGL
SASDL64,P02768,,,MKWVTFISLLFLFSSAYSRGVFRRDAHKSEVAHRFKDLGEENFKALVLIAFAQYLQQCPFEDHVKLVNEVTEFAKTCVADESAENCDKSLHTLFGDKLCTVATLRETYGEMADCCAKQEPERNECFLQHKDDNPNLPRLVRPEVDVMCTAFHDNEETFLKKYLYEIARRHPYFYAPELLFFAKRYKAAFTECCQAADKAACLLPKLDELRDEGKASSAKQRLKCASLQKFGERAFKAWAVARLSQRFPKAEFAEVSKLVTDLTKVHTECCHGDLLECADDRADLAKYICENQDSISSKLKECCEKPLLEKSHCIAEVENDEMPADLPSLAADFVESKDVCKNYAEAKDVFLGMFLYEYARRHPDYSVVLLLRLAKTYETTLEKCCAAADPHECYAKVFDEFKPLVEEPQNLIKQNCELFEQLGEYKFQNALLVRYTKKVPQVSTPTLVEVSRNLGKVGSKCCKHPEAKRMPCAEDYLSVVLNQLCVLHEKTPVSDRVTKCCTESLVNRRPCFSALEVDETYVPKEFNAETFTFHADICTLSEKERQIKKQTALVELVKHKPKATKEQLKAVMDDFAAFVEKCCKADDKETCFAEEGKKLVAASQAALGL
SASDLZ3,P02768,,,MKWVTFISLLFLFSSAYSRGVFRRDAHKSEVAHRFKDLGEENFKALVLIAFAQYLQQCPFEDHVKLVNEVTEFAKTCVADESAENCDKSLHTLFGDKLCTVATLRETYGEMADCCAKQEPERNECFLQHKDDNPNLPRLVRPEVDVMCTAFHDNEETFLKKYLYEIARRHPYFYAPELLFFAKRYKAAFTECCQAADKAACLLPKLDELRDEGKASSAKQRLKCASLQKFGERAFKAWAVARLSQRFPKAEFAEVSKLVTDLTKVHTECCHGDLLECADDRADLAKYICENQDSISSKLKECCEKPLLEKSHCIAEVENDEMPADLPSLAADFVESKDVCKNYAEAKDVFLGMFLYEYARRHPDYSVVLLLRLAKTYETTLEKCCAAADPHECYAKVFDEFKPLVEEPQNLIKQNCELFEQLGEYKFQNALLVRYTKKVPQVSTPTLVEVSRNLGKVGSKCCKHPEAKRMPCAEDYLSVVLNQLCVLHEKTPVSDRVTKCCTESLVNRRPCFSALEVDETYVPKEFNAETFTFHADICTLSEKERQIKKQTALVELVKHKPKATKEQLKAVMDDFAAFVEKCCKADDKETCFAEEGKKLVAASQAALGL
SASDMH2,P00698,19.0,147.0,KVFGRCELAAAMKRHGLDNYRGYSLGNWVCAAKFESNFNTQATNRNTDGSTDYGILQINSRWWCNDGRTPGSRNLCNIPCSALLSSDITASVNCAKKIVSDGNGMNAWVAWRNRCKGTDVQAWIRGCRL
SASDMJ2,P00698,19.0,147.0,KVFGRCELAAAMKRHGLDNYRGYSLGNWVCAAKFESNFNTQATNRNTDGSTDYGILQINSRWWCNDGRTPGSRNLCNIPCSALLSSDITASVNCAKKIVSDGNGMNAWVAWRNRCKGTDVQAWIRGCRL
SASDMK2,P00698,19.0,147.0,KVFGRCELAAAMKRHGLDNYRGYSLGNWVCAAKFESNFNTQATNRNTDGSTDYGILQINSRWWCNDGRTPGSRNLCNIPCSALLSSDITASVNCAKKIVSDGNGMNAWVAWRNRCKGTDVQAWIRGCRL
SASDML2,P00698,19.0,147.0,KVFGRCELAAAMKRHGLDNYRGYSLGNWVCAAKFESNFNTQATNRNTDGSTDYGILQINSRWWCNDGRTPGSRNLCNIPCSALLSSDITASVNCAKKIVSDGNGMNAWVAWRNRCKGTDVQAWIRGCRL
SASDMS7,P02787,1.0,698.0,MRLAVGALLVCAVLGLCLAVPDKTVRWCAVSEHEATKCQSFRDHMKSVIPSDGPSVACVKKASYLDCIRAIAANEADAVTLDAGLVYDAYLAPNNLKPVVAEFYGSKEDPQTFYYAVAVVKKDSGFQMNQLRGKKSCHTGLGRSAGWNIPIGLLYCDLPEPRKPLEKAVANFFSGSCAPCADGTDFPQLCQLCPGCGCSTLNQYFGYSGAFKCLKDGAGDVAFVKHSTIFENLANKADRDQYELLCLDNTRKPVDEYKDCHLAQVPSHTVVARSMGGKEDLIWELLNQAQEHFGKDKSKEFQLFSSPHGKDLLFKDSAHGFLKVPPRMDAKMYLGYEYVTAIRNLREGTCPEAPTDECKPVKWCALSHHERLKCDEWSVNSVGKIECVSAETTEDCIAKIMNGEADAMSLDGGFVYIAGKCGLVPVLAENYNKSDNCEDTPEAGYFAIAVVKKSASDLTWDNLKGKKSCHTAVGRTAGWNIPMGLLYNKINHCRFDEFFSEGCAPGSKKDSSLCKLCMGSGLNLCEPNNKEGYYGYTGAFRCLVEKGDVAFVKHQTVPQNTGGKNPDPWAKNLNEKDYELLCLDGTRKPVEEYANCHLARAPNHAVVTRKDKEACVHKILRQQQHLFGSNVTDCSGNFCLFRSETKDLLFRDDTVCLAKLHDRNTYEKYLGEEYVKAVGNLRKCSTSSLLEACTFRRP
SASDMR7,P02787,1.0,698.0,MRLAVGALLVCAVLGLCLAVPDKTVRWCAVSEHEATKCQSFRDHMKSVIPSDGPSVACVKKASYLDCIRAIAANEADAVTLDAGLVYDAYLAPNNLKPVVAEFYGSKEDPQTFYYAVAVVKKDSGFQMNQLRGKKSCHTGLGRSAGWNIPIGLLYCDLPEPRKPLEKAVANFFSGSCAPCADGTDFPQLCQLCPGCGCSTLNQYFGYSGAFKCLKDGAGDVAFVKHSTIFENLANKADRDQYELLCLDNTRKPVDEYKDCHLAQVPSHTVVARSMGGKEDLIWELLNQAQEHFGKDKSKEFQLFSSPHGKDLLFKDSAHGFLKVPPRMDAKMYLGYEYVTAIRNLREGTCPEAPTDECKPVKWCALSHHERLKCDEWSVNSVGKIECVSAETTEDCIAKIMNGEADAMSLDGGFVYIAGKCGLVPVLAENYNKSDNCEDTPEAGYFAIAVVKKSASDLTWDNLKGKKSCHTAVGRTAGWNIPMGLLYNKINHCRFDEFFSEGCAPGSKKDSSLCKLCMGSGLNLCEPNNKEGYYGYTGAFRCLVEKGDVAFVKHQTVPQNTGGKNPDPWAKNLNEKDYELLCLDGTRKPVEEYANCHLARAPNHAVVTRKDKEACVHKILRQQQHLFGSNVTDCSGNFCLFRSETKDLLFRDDTVCLAKLHDRNTYEKYLGEEYVKAVGNLRKCSTSSLLEACTFRRP
SASDMQ7,P02787,1.0,698.0,MRLAVGALLVCAVLGLCLAVPDKTVRWCAVSEHEATKCQSFRDHMKSVIPSDGPSVACVKKASYLDCIRAIAANEADAVTLDAGLVYDAYLAPNNLKPVVAEFYGSKEDPQTFYYAVAVVKKDSGFQMNQLRGKKSCHTGLGRSAGWNIPIGLLYCDLPEPRKPLEKAVANFFSGSCAPCADGTDFPQLCQLCPGCGCSTLNQYFGYSGAFKCLKDGAGDVAFVKHSTIFENLANKADRDQYELLCLDNTRKPVDEYKDCHLAQVPSHTVVARSMGGKEDLIWELLNQAQEHFGKDKSKEFQLFSSPHGKDLLFKDSAHGFLKVPPRMDAKMYLGYEYVTAIRNLREGTCPEAPTDECKPVKWCALSHHERLKCDEWSVNSVGKIECVSAETTEDCIAKIMNGEADAMSLDGGFVYIAGKCGLVPVLAENYNKSDNCEDTPEAGYFAIAVVKKSASDLTWDNLKGKKSCHTAVGRTAGWNIPMGLLYNKINHCRFDEFFSEGCAPGSKKDSSLCKLCMGSGLNLCEPNNKEGYYGYTGAFRCLVEKGDVAFVKHQTVPQNTGGKNPDPWAKNLNEKDYELLCLDGTRKPVEEYANCHLARAPNHAVVTRKDKEACVHKILRQQQHLFGSNVTDCSGNFCLFRSETKDLLFRDDTVCLAKLHDRNTYEKYLGEEYVKAVGNLRKCSTSSLLEACTFRRP
SASDNL5,O15530,50.0,359.0,GAMDGTAAEPRPGAGSLQHAQPPPQPRKKRPEDFKFGKILGEGSFSTVVLARELATSREYAIKILEKRHIIKENKVPYVTRERDVMSRLDHPFFVKLYFTFQDDEKLYFGLSYAKNGELLKYIRKIGSFDETCTRFYTAEIVSALEYLHGKGIIHRDLKPENILLNEDMHIQITDFGTAKVLSPESKQARANSFVGTAQYVSPELLTEKSACKSSDLWALGCIIYQLVAGLPPFRAGNEGLIFAKIIKLEYDFPEKFFPKARDLVEKLLVLDATKRLGCEEMEGYGPLKAHPFFESVTWENLHQQTPPKLT
SASDQN6,Q9UL19,1.0,123.0,GPGMASPHQEPKPGDLIEIFRLGYEHWALYIGDGYVIHLAPPSEYPGAGSSSVFSVLSNSAEVKRERLEDVVGGCCYRVNNSLDHEYQPRPVEVIISSAKEMVGQKMKYSIVSRNCEHFVTQLRYG
SASDQE8,A0A1D5PXA5,135.0,382.0,FNRPILFDIVSRGSPDGLEGLLSFLLTHKKRLTDEEFREPSTGKTCLPKALLNLSAGRNDTIPILLDIAEKTGNMREFINSPFRDVYYRGQTALHIAIERRCKHYVELLVEKGADVHAQARGRFFQPKDEGGYFYFGELPLSLAACTNQPHIVHYLTENGHKQADLRRQDSRGNTVLHALVAIADNTRENTKFVTKMYDLLLIKCAKLFPDTNLEALLNNDGLSPLMMAAKTGKIGIFQHIIRREIAD
SASDRN5,Q9LZ65,1.0,222.0,MGAKAKKALKKNMKKVAASASSSQLPLPQNPKPSADFLPLEGGPARKAPVTTPPLQNKATVLYIGRIPHGFYETEIEAFFSQFGTVKRVRVARNKKTGKSKHFGFIQFEDPEVAEIAAGAMNDYLLMEHMLKVHVIEPENVKPNLWRGFKCNFKPVDSVQIERRQLNKERTLEEHRKMLQKIVKKDQKRRKRIEAAGIEYECPELVGNTQPVPKRIKFSEED
SASDUQ2,,,,CWEMSPEDKLAQIKEKLQQIKEELAANEEKLQANKYGSGPGQLEDKVEELLSKNYHLENEVERLKKLVGGSGPGSPEDEIQQLEEEISQLEQKNSELKEKNQELKYGSHHHHHHSGSPEDENEKLEEKIWELKRKNEELKREIKELEEGSGPGQLEDKVEELLSKNYHLENEVERLKKLVGGSGPGSPEDEIKELEWKNEELKREIKELEEKNEELKRRGK
SASDUS2,,,,MGHHHHHHHHMENLYFQSGSGSPEDEIRQLEQENSQLERENQRLEQEIYQLERGSGPGSPEDEIQQLEEEISQLEQKNSELKEKNQELKYGSGPGSPEDENEKLERKNEELKWEIKKLEREIKELERGSGPGDIEQELERAKQSIEELEREVNQERSRMQYLQTRLSGSGPGSPEDKISQLKEKIQQLKQENQQLEEENSQLEYGSGPGSPEDENEKLEEKIWELKRKNEELKREIKELEEGSGPGSPEDKIEELKEKNSQLKEKNEELKQKIYELKEGSGPGDIEQELERAKQSIEELEREVNQERSRMQYLQTRLSGSGPGSPEDEIKELEWKNEELKREIKELEEKNEELKRLELE
SASDUN2,,,,CWEMSPEDKLAQIKEKLQQIKEELAANEEKLQANKYGSGPGQLEDKVEELLSKNYHLENEVERLKKLVGGSGPGSPEDEIQQLEEEISQLEQKNSELKEKNQELKYGSHHHHHHSGSPEDENEKLEEKIWELKRKNEELKREIKELEEGSGPGQLEDKVEELLSKNYHLENEVERLKKLVGGSGPGSPEDEIKELEWKNEELKREIKELEEKNEELKRRGK
SASDUP2,,,,CWEMSPEDKLAQIKEKLQQIKEELAANEEKLQANKYGSGPGQLEDKVEELLSKNYHLENEVERLKKLVGGSGPGSPEDEIQQLEEEISQLEQKNSELKEKNQELKYGSHHHHHHSGSPEDENEKLEEKIWELKRKNEELKREIKELEEGSGPGQLEDKVEELLSKNYHLENEVERLKKLVGGSGPGSPEDEIKELEWKNEELKREIKELEEKNEELKRRGK
SASDUW3,P06396,25.0,782.0,VRAATASRGASQAGAPQGRVPEARPNSMVVEHPEFLKAGKEPGLQIWRVEKFDLVPVPTNLYGDFFTGDAYVILKTVQLRNGNLQYDLHYWLGNECSQDESGAAAIFTVQLDDYLNGRAVQHREVQGFESATFLGYFKSGLKYKKGGVASGFKHVVPNEVVVQRLFQVKGRRVVRATEVPVSWESFNNGDCFILDLGNNIHQWCGSNSNRYERLKATQVSKGIRDNERSGRARVHVSEEGTEPEAMLQVLGPKPALPAGTEDTAKEDAANRKLAKLYKVSNGAGTMSVSLVADENPFAQGALKSEDCFILDHGKDGKIFVWKGKQANTEERKAALKTASDFITKMDYPKQTQVSVLPEGGETPLFKQFFKNWRDPDQTDGLGLSYLSSHIANVERVPFDAATLHTSTAMAAQHGMDDDGTGQKQIWRIEGSNKVPVDPATYGQFYGGDSYIILYNYRHGGRQGQIIYNWQGAQSTQDEVAASAILTAQLDEELGGTPVQSRVVQGKEPAHLMSLFGGKPMIIYKGGTSREGGQTAPASTRLFQVRANSAGATRAVEVLPKAGALNSNDAFVLKTPSAAYLWVGTGASEAEKTGAQELLRVLRAQPVQVAEGSEPDGFWEALGGKAAYRTSPRLKDKKMDAHPPRLFACSNKIGRFVIEEVPGELMQEDLATDDVMLLDTWDQVFVWVGKDSQEEEKTEALTSAKRYIETDPANRDRRTPITVVKQGFEPPSFVGWFLGWDDDYWSVDPLDRAMAELAATGHHHHHH
SASDV64,A0A0D6HZA6,1.0,246.0,GPGMQIKLPKPFFFEEGKRAVLLLHGFTGNSSDVRQLGRFLQKKGYTSYAPQYEGHAAPPDEILKSSPFVWFKDALDGYDYLVEQGYDEIVVAGLSLGGDFALKLSLNRDVKGIVTMCAPMGGKTEGAIYEGFLEYARNFKKYEGKDQETIDNEMDHFKPTETLKELSEALDTIKEQVDEVLDPILVIQAENDNMIDPQSANYIYDHVDSDDKNIKWYSESGHVITIDKEKEQVFEDIYQFLESLDWSE
